{
    "x": 6.802435398101807,
    "y": 2.5148274898529054,
    "z": 0.0
}