{
    "x": -7.659885883331299,
    "y": -1.4294416904449463,
    "z": 0.0
}