{
    "x": -0.6002150177955627,
    "y": 4.344054698944092,
    "z": 0.0
}